{
  "welcomeFile": "/index.html",
  "authenticationMethod": "route",
  "routes": [
    {
        "source": "^/ms-admin/(.*)$",
        "target": "/ms-admin/$1",
        "destination": "srvurl",
        "authenticationType": "xsuaa"
    },
    {
        "source": "^/ms-admin",
        "target": "/ms-admin",
        "destination": "srvurl",
        "authenticationType": "xsuaa"
    },
    {
        "source": "^/resources/(.*)$",
        "target": "/resources/$1",
        "authenticationType": "none",
        "destination": "ui5"
    },
    {
        "source": "^/test-resources/(.*)$",
        "target": "/test-resources/$1",
        "authenticationType": "none",
        "destination": "ui5"
    },
    {
        "source": "^(.*)$",
        "target": "$1",
        "service": "html5-apps-repo-rt",
        "authenticationType": "xsuaa"
    }
  ]
}
